EMPRESA,clave
ALDAMA,AAA
APAC,ABA
ANGELES,ACA
AHASC MEDICAL,ADA
ASTROFLOORS,AEA
ANTONIMO,AFA
AJ TEAM TEST COVID,AGA
AJ LAB,AHA
ABRAN PASO,AIA
ASOCIACION COREANA DE MEXICO,AJA
AXEL VILLEGAS,AKA
ACCIONA MEXICO,ALA
ASA,AOA
MEXINYS,ANA
BEATRIZ MARTINEZ,BAA
BIOLAB,BBA
BARDAHL,BCA
BIOSYSTEMS HLS,BDA
BM LAB,BEA
BIOMEDICA LOS ANGELES,BFA
BLIM,BGA
BIOGEMINIS,BHA
BIOGENESIS,BIA
BAGC,BJA
BIOMAG,BKA
CITOLAB,CAA
CRUZ ROJA MEXICANA,CBA
LAB CASTILLO,CCA
CONTRAMAR,CDA
CINEMEX,CEA
CHAVI PRODUCTOR,CFA
CDMI,CGA
CILAB,CHA
CENTRAL FILMS,CIA
CONDUIT LIFE,CJA
CENTRO A.C. OMEGA,CKA
CASA HOGAR,CLA
CARE CHECK,CPA
CENTRO DE PATOLOGIA AVANZADA DE SONORA,CQA
COMONPIPOL TV,CRA
COMERCIALIZADORA HGK,CSA
CRITI Q,CUA
COV MEDI,CWA
COMON PIPOL SEARS,CXA
CCL LABEL,CYA
COMIDA CHINA LA FE,CZA
CONTROL NACIONAL DE URGENCIAS,CAB
CEBOLLA FILMS,CBB
COSS,CCB
CENTRO DE FERTILIDAD HUMANA EN MEXICO,CEB
DIAFER,DAA
DR. CESAR SALAS,DBA
DIAGONAL PRODUCCION,DCA
DR. POZOS,DDA
DIAGNOSTICO MOLECULAR,DEA
DORMAKABA,DFA
DRA. SUSANA ESCUTIA,DGA
DIAGNOSTICO LAB,DHA
DR. REYNOSO,DIA
DIAGNOLOGICA,DJA
DR. ALEJANDRO HAY,DKA
DRA. PAMELA PEREZ,DLA
DRA GABRIELA MONTERO,DNA
DENATBIO,DOA
DR. JOEL HUERTA,DPA
DIAGNOSTICO SAN MIGUEL,DQA
DRA. SILVIA MARGARITA ALVAREZ,DRA
DIAGNOSTICO CLINICO INTEGRAL,DTA
DR. JUAN PABLO FEREGRINO,DSA
DRA MARIA LUISA MENESES,DWA
DEMOLEDORES,DXA
DOCE 20 PRODUCCIONES,DYA
DRA ANA CELIA MENDOZA OCAMPO,DZA
EDISALAB,EAA
GRUPO EXPANSION,EBA
EMS SOLUCIONES,ECA
EDEMTEC,EDA
ELDAR,EEA
ERICK FRANCO,EFA
EN TU CASA SALUD,EGA
EMBAJADA DE LA REPUBLICA DE COREA EN MEXICO,EKA
FLORIDA SATELITE,FAA
FARMAMEDIC,FBA
FUNDACION TELETON,FCA
FARMACIA ADB,FDA
FLUIDRA MEXICO,FEA
FABRICA DE SAN MARTIN,FHA
FERTY CARE,FIA
PRODUCCIONES FABULA,FFA
GPROMASS,GAA
GBM,GBA
GRUPO FAR,GCA
GIA LAB,GDA
LAB. MEDICO GENESA,GEA
GEMINIS,GFA
GDI,GGA
GRUPO MEDI,GHA
GRUPO MODELO,GIA
GERMAN SEVILLANO ZOE,GJA
GERARDO RANGEL,GKA
GRUPO GENOMICA MOLECULAR,GLA
GM LAB (CANCUN),GNA
GAVIOTA(LA),GOA
ENF GUADALUPE HERNANDEZ GARZA,GPA
GRACIELA PEREZ GONZALEZ,GQA
GAMAPATH,GRA
HIGH TECH,HAA
HSAI UNIVERSIDAD,HBA
HSAI PATRIOTISMO,HCA
HONDA,HDA
HEMDECO,HEA
HUMBERTO ROJAS,HGA
HOSPITAL HMG COYOACAN,HHA
HECTOR SANTOS,HIA
HECTOR PENUNURI GARCIA,HJA
HOTBOOK,HKA
HEILER LABORATORIOS,HLA
LAB IZQUIERDO,IAA
IMAGEN,IBA
INMUNO Q,ICA
ISA,IDA
INOLAB,IEA
ILSP,IFA
ISAT,IGA
IDEARTTE,IHA
INSTITUTO NACIONAL DE MIGRACION,IIA
INTELNESIS,IJA
INFOCLINICS,IKA
JULIO CASTILLO,JAA
DR. KARIN,KAA
KNC LOGISTIC,KBA
KARINA VAZQUEZ,KCA
KABLA,KDA
LABSIN,LAA
LAPCI,LBA
LAMBDAPI,LCA
LAB CLINICO COAPA,LDA
LAB 24 ETIOPIA,LEA
LAB CHIMALHUACAN,LFA
LAB NEZAHUALCOYOTL,LGA
LAB CIMA,LHA
LAGEM,LIA
LABORATORIO GENESIS,LJA
LABORATORIO SIGLO XXI,LKA
LITOPOS PRODUCCIONES IOU CELEBRITY 2,LLA
LABKOB,LNA
LIZBETH RIVERA,LQA
LABORATORIO MEDICO DE REFERENCIA CENSUR,LRA
DRA. LAURA PORTILLO TELLEZ,LSA
LLISA,LTA
LAB 24 ERMITA,LUA
LAB 24 PUENTE BLANCO,LWA
LABORATORIO COLUMBIA BIOTEC,LXA
LONCHERIA LIMA-LIMON,LYA
LABORATORIO LUNA,LZA
LABORATORIO ALGENOS,LAB
MDS,MAA
MORENO,MBA
MEDIC,MCA
MDT,MDA
MEDIAC,MEA
MOBASA,MFA
MARCO MKT,MGA
MSD MERK,MHA
MEDIC PLUS,MIA
MTV M?XICO,MJA
MANUFACTURERA DE MEXICO,MKA
MEXORA LABORATORIOS CLINICOS,MLA
MEDICA PLUS,MNA
MKR,MOA
MAG MEDICA,MPA
MADRAZO STUDIO SC,MQA
MARIA ELENA RENATA TORRES ARANALDE,MRA
MEDICAL COACHING,MSA
NULA,NAA
NOTARIA 122,NBA
NOTARIA 97,NDA
NOTARIA 222,NEA
NOTARIA 201,NFA
NOVAPLASTIC,NGA
NEOMEDICA,NHA
NORDI QC,NIA
NANOPHARMACIA,NJA
NOMITEK,NKA
NUCLEO DE DIAGNOSTICO,NNA
NAUTICAL SERVICES,NPA
LAB. OCHOA,OAA
OLARTE Y AKLE,OBA
ONEST VALLEJO,OCA
ORIENTAL FILMS,ODA
OSCAR SIMON,OEA
PROYECTO ORIENTAL FILMS,OFA
OCEAN MANAGEMENT MEXICO,OGA
ORIENTAL FILMS AM,OHA
PAP,PAA
SAN PATRICIO,PBA
PARTICULAR,PCA
LAB. PASTEUR,PDA
PARTICULAR ARA,PEA
PAUTA CREATIVA,PFA
PECSA,PGA
PRECISA,PHA
PIMIENTA FILMS,PIA
PROBION,PJA
PROYECTO PLAZA IZAZAGA,PLA
PABLO DE LA VEGA ARIAS (ORIENTAL FILMS),PKA
PABLO ISRAEL ESPINOLA ALCAZAR,PNA
PAMELA CALDERON,POA
"PCE TECNOLOGY DE JUAREZ, S.A. DE C.V.",PPA
QUICK TEST,QAA
RICLER,RAA
RED MEDICA,RBA
ROCA INMUEBLES,RCA
REPUBLICA SANTA PROYECTO KOTEX,RDA
REPUBLICA SANTA PROYECTO PRIME VIDEO,REA
REPUBLICA SANTA (SANTOS FILMS),RFA
STAR MEDICA LOMAS VERDES,SAA
STAR MEDICA TLALNEPANTLA,SBA
SINDICATO DE MAESTROS,SCA
SOS HEALT CARE,SDA
SENOSIAIN,SEA
SAN MINA,SFA
SAN ISIDRO CUAUHTEMOC,SGA
SAN FRANCISCO,SHA
SAN ISIDRO XICO,SIA
SAN ISIDRO LOPEZ,SJA
SAN ISIDRO IZTAPALAPA,SKA
SONORA LABS,SLA
HOSPITAL MAC,SNA
SAN ISIDRO CHALCO,SOA
SERVICIOS HEMATOLOGICOS,SPA
SAN FRANCISCO CHIMALHUACAN,SQA
SAN ISIDRO HIDALGO,SRA
SAN FRANCISCO,SSA
STEREN,STA
STAY SAFE,SUA
SAFE HEALTH,SWA
SEEGENE,SXA
SANDRA RIVAS,SYA
SEARS OPERADORA DE MEXICO S.A. DE C.V.,SZA
SMART TEST,SAB
SNIBE MEXICO,SBB
LAB. SANTA MONICA,SCB
SB FARMA,SDB
SANOVA LAB,SEB
SAMSUNG,SGB
SURROGACY MEXICO,SHB
SECTOR FILMS,SIB
SENKALAB,SJB
TRAGALUZ,TAA
TMM,TBA
TAIFELDS,TCA
TSM,TDA
TOYOTA SARAGOZA,TEA
TERAN TBWA,TFA
TEZCA MEXICO,TGA
THE INMIGRANT. PROYECTO YELLOW,THA
THE IMMIGRANT.PROYECTO LA OTRA NOCHE,TIA
TUTSI,TJA
UNIFIN,UAA
UNIDAD CLINICA DIAGNOSTICA,UBA
UK NEQAS,UCA
ULTRAMEDIX,UDA
SALUD VELAGO,VAA
VERTPHARMA,VBA
VITROCANCELES,VCA
25 KM PELICULA,VDA
VALERIA ESPEJEL,VFA
VALERIA ASCENCIO,VGA
VICARIO,VHA
XINHUA,XAA
XIN POINT MEXICO,XBA
SALUD Y VIDA,ZAA
SAT,SFB
